collection,members
,umd:64537;umd:68991
Maryland Manuscripts collection,umd:79619;umd:82304
Brooke Family papers,umd:68665;umd:68666;umd:68667;umd:69472;umd:69477;umd:69480;umd:69484;umd:69485;umd:69486;umd:69488;umd:69489;umd:69491;umd:69492;umd:69494;umd:69495;umd:69496;umd:69497;umd:69499;umd:78433;umd:78434;umd:383866;umd:383939;umd:383945;umd:383949;umd:383953;umd:383964;umd:383968;umd:383973;umd:393648;umd:394749;umd:395839;umd:395842;umd:395857;umd:395861;umd:396882;umd:397897;umd:397900;umd:397904;umd:397913;umd:398950;umd:398953;umd:404349;umd:404356;umd:404361;umd:405547;umd:405558;umd:405574;umd:405591;umd:405607;umd:406696;umd:406699;umd:406709;umd:406718;umd:406754;umd:406757;umd:406758;umd:406766;umd:407816;umd:413181;umd:414342;umd:414346;umd:414352;umd:414409;umd:414414;umd:414420;umd:414464;umd:414473;umd:414489;umd:417732;umd:417743;umd:417747;umd:417751;umd:417758;umd:417759;umd:417765;umd:417767;umd:417779;umd:417784;umd:417787;umd:417790;umd:420983;umd:421013;umd:421019;umd:421029;umd:421030;umd:421034;umd:421049;umd:421052;umd:421056;umd:421057;umd:421064;umd:421065;umd:421097;umd:421101;umd:421106;umd:421109;umd:421110;umd:424316;umd:424320;umd:424334;umd:424339;umd:424344;umd:424351;umd:454996;umd:455020;umd:458380;umd:459466;umd:459469;umd:459472;umd:459477;umd:459486;umd:459493;umd:459496;umd:460553;umd:460560;umd:465960;umd:466988;umd:466991;umd:466994;umd:467001;umd:470141;umd:470153;umd:470158;umd:470161;umd:470164;umd:470167;umd:470172;umd:470175;umd:477807;umd:477816;umd:477821;umd:477828;umd:477833;umd:477838;umd:477853;umd:477858;umd:477861;umd:482322;umd:486616;umd:489921;umd:490282;umd:491357;umd:491368;umd:491372;umd:495642;umd:495646;umd:495649;umd:495653;umd:497721;umd:505153;umd:505156;umd:505159;umd:505163;umd:505166;umd:505170;umd:505173;umd:506227;umd:506230;umd:506233;umd:506238;umd:506243;umd:506248;umd:506253;umd:506258;umd:509456;umd:509461;umd:509476;umd:509489;umd:509494;umd:509499;umd:509506;umd:513903;umd:519180;umd:519189;umd:519194;umd:519199;umd:519202;umd:526652;umd:526656;umd:526659;umd:526662;umd:526672;umd:526675;umd:526679;umd:526684;umd:531929;umd:531934;umd:531938;umd:531941;umd:531945;umd:531948;umd:531949;umd:531958;umd:531968;umd:531974;umd:531975;umd:537275;umd:537288;umd:541627;umd:542729;umd:542732;umd:542743;umd:553445;umd:553457;umd:553471;umd:553493;umd:553499;umd:557791;umd:564256;umd:580298;umd:604780;umd:667017;umd:673928;umd:673931;umd:673933;umd:673935;umd:673937;umd:673939;umd:675251;umd:675294;umd:675297;umd:675302;umd:675305;umd:675310;umd:675319;umd:675324;umd:675329;umd:675334;umd:675345;umd:675350;umd:675355;umd:675374;umd:675387;umd:675389;umd:675415;umd:675424;umd:675427;umd:675439;umd:675443;umd:675453;umd:675457;umd:675460;umd:675490;umd:675495;umd:675498;umd:675501;umd:675504;umd:675507;umd:675512;umd:675531;umd:675542;umd:675557;umd:675605;umd:675620;umd:675633;umd:675942;umd:676009;umd:676475;umd:676549;umd:676845;umd:677132;umd:677135;umd:677345;umd:677400;umd:677408;umd:677650;umd:677750;umd:677761;umd:677766;umd:677773;umd:677776;umd:677781;umd:677786;umd:677791;umd:677808;umd:677811;umd:677814;umd:677817;umd:677828;umd:677904;umd:677907;umd:677944;umd:678000;umd:678018;umd:678024;umd:678032;umd:678054;umd:678391;umd:678404;umd:678426;umd:678431;umd:678471;umd:678509;umd:678510;umd:678517;umd:678527;umd:678530;umd:678533;umd:678543;umd:678578;umd:678591;umd:678596;umd:678599;umd:678641;umd:678951;umd:678959;umd:678962;umd:678965;umd:678970;umd:678973;umd:678974;umd:679029;umd:679033;umd:679037;umd:679075
Claude-Gray-Hughes-Tuck-Whittington Family papers,umd:79922;umd:79923;umd:79924;umd:79925;umd:79926;umd:79927
Willis A. Pomeroy papers,umd:68119
Leonidas Dodson papers,umd:78314;umd:85338;umd:85826;umd:94442;umd:94445;umd:94449;umd:94451;umd:94454;umd:94455
Sellman Family papers,umd:83826;umd:83827;umd:83828;umd:83829;umd:99359;umd:99479
Hamilton Family papers,umd:79758
Clara Barton papers,umd:82543;umd:82544;umd:82545;umd:82546;umd:82552;umd:82553
Brooke Family Papers,umd:677754;umd:677860;umd:677872;umd:677887;umd:677890;umd:677995;umd:678027;umd:678406;umd:678421;umd:678432;umd:678474;umd:678481
Warfield Family papers,umd:79928
Burhaus Family papers,umd:63830;umd:64139
Felix Agnus papers,umd:4429;umd:4434;umd:4438;umd:4457;umd:4498;umd:4539;umd:4543;umd:4547;umd:4553;umd:4558;umd:4569;umd:4572;umd:4577;umd:4588;umd:4601;umd:4603;umd:4607;umd:4611;umd:4613;umd:4618;umd:4622;umd:4627;umd:4633;umd:4637;umd:4645;umd:4652;umd:4658;umd:4666;umd:4668;umd:4670;umd:4675;umd:4686;umd:4695;umd:4698;umd:4700;umd:4704;umd:5058;umd:5060;umd:5063;umd:5067;umd:5070;umd:5077;umd:5084;umd:5089;umd:5094;umd:5097;umd:5105;umd:5110;umd:5115;umd:59757;umd:59760;umd:59765;umd:59768;umd:59770;umd:59772;umd:59773;umd:59774;umd:63109
William Emory papers,umd:84225;umd:84226
Preston Family papers,umd:82601;umd:164273;umd:164278;umd:164283;umd:164286;umd:164288;umd:164362;umd:164367;umd:164369;umd:164927;umd:165111;umd:165114;umd:165120;umd:165125;umd:165288;umd:165614;umd:165712;umd:165817;umd:165822;umd:166152;umd:166158;umd:166175;umd:166207;umd:180572;umd:183408;umd:184579;umd:184603;umd:189129;umd:189131;umd:192366;umd:192371;umd:192374;umd:192377;umd:192380;umd:192384;umd:192403;umd:193302;umd:194351;umd:194386;umd:194401;umd:202164;umd:206360;umd:211457;umd:212641;umd:212773;umd:212776;umd:212899;umd:213964;umd:219267;umd:220345;umd:221648;umd:222711;umd:227896;umd:229967;umd:238240;umd:238393;umd:238499;umd:238689;umd:238766;umd:238920;umd:238952;umd:238965;umd:238974;umd:239931;umd:239937;umd:239976;umd:239993;umd:241018;umd:241079;umd:246391;umd:246446;umd:247493;umd:247494;umd:247631;umd:247638;umd:249831;umd:249843;umd:249857;umd:249871;umd:250023;umd:250089;umd:250162;umd:250192;umd:250195;umd:250198;umd:250200;umd:250205;umd:250210;umd:250214;umd:251362;umd:251582;umd:671013;umd:671117;umd:671270;umd:671404;umd:671863;umd:672626;umd:672643;umd:673083;umd:673188;umd:673616;umd:674830;umd:675855;umd:676136;umd:676610
Sterling Family papers,umd:4073;umd:4075;umd:4077;umd:4079;umd:68987;umd:68988;umd:68989
John William Stewart Family papers,umd:80558;umd:80559;umd:80560;umd:80561;umd:80562;umd:80563;umd:80564;umd:80565;umd:80566;umd:80567;umd:80568;umd:80569;umd:80570;umd:80571;umd:80572;umd:80573;umd:80574;umd:80575;umd:80576;umd:80577;umd:80578;umd:80579;umd:80580;umd:80581;umd:80582;umd:80583
Robert Gilmor and William Trippe Papers,umd:259747;umd:259753;umd:259759;umd:259775;umd:259787;umd:259794;umd:259799;umd:259808;umd:259817;umd:259826;umd:259833;umd:259840;umd:259855;umd:259858;umd:259912;umd:259930;umd:259937;umd:259941;umd:265074;umd:265079;umd:265082;umd:265085;umd:265088;umd:265091;umd:265096;umd:265099;umd:265102;umd:265105;umd:265107;umd:265110
Mary Eliza Bradbury papers,umd:88951
Hepburn Family Papers,umd:164299;umd:164348;umd:164372;umd:164375;umd:164378;umd:164381;umd:164384;umd:164389;umd:164391;umd:164398;umd:164405;umd:164407;umd:164411;umd:164415;umd:164421;umd:164489;umd:164494;umd:164498;umd:164514
Thomas Kensett Family papers,umd:94405;umd:94406;umd:94407;umd:94408;umd:94409;umd:94410;umd:94411
Joseph Raynes papers,umd:3393;umd:3398;umd:3403;umd:3408;umd:3417;umd:3422;umd:3463;umd:3468;umd:3473;umd:3477
Osburn Family papers,umd:4936;umd:4947;umd:4955;umd:4959;umd:4962;umd:4966;umd:4977;umd:4981;umd:4985;umd:4990;umd:4994;umd:5003;umd:5007;umd:5010;umd:5055
John E. Rastall papers,umd:64603;umd:64604;umd:64606;umd:64607
Preston Family Papers,umd:164591;umd:164702;umd:164813;umd:164952;umd:165009;umd:165011;umd:165021;umd:165078;umd:165082;umd:165377;umd:165399;umd:165412;umd:165421;umd:165445;umd:165484;umd:165509;umd:165521;umd:165526;umd:165570;umd:165572;umd:165581;umd:165586;umd:165603;umd:165607;umd:166322;umd:166485;umd:166863;umd:167050;umd:167170;umd:167252;umd:167259;umd:167262;umd:167419;umd:183419;umd:183434;umd:189069;umd:212752;umd:238944;umd:248722;umd:673661
Messrs. Freeman and Almy archives,umd:68101;umd:68102;umd:68103;umd:68104;umd:68105;umd:68106
